<?xml version="1.0" encoding="UTF-8" standalone="no"?>
<catalog prefer="public" xmlns="urn:oasis:names:tc:entity:xmlns:xml:catalog">
    <uri id="User Entered Import Resolution" name="http://purl.obolibrary.org/obo/bfo.owl" uri="imports/bfo.ttl"/>
    <uri id="Imports Wizard Entry" name="http://purl.obolibrary.org/obo/pato/releases/2021-04-16/pato.owl" uri="pato.owl"/>
    <uri id="Imports Wizard Entry" name="http://www.ontologyrepository.com/CommonCoreOntologies/Mid/2021-03-01/AllCoreOntology" uri="AllCoreOntology.ttl"/>
    <uri id="User Entered Import Resolution" name="http://www.ontologyrepository.com/CommonCoreOntologies/Upper/ROImport" uri="imports/ro-import.ttl"/>
    <uri id="User Entered Import Resolution" name="http://www.ontologyrepository.com/CommonCoreOntologies/Mid/AgentOntology" uri="AgentOntology.ttl"/>
    <uri id="User Entered Import Resolution" name="http://www.ontologyrepository.com/CommonCoreOntologies/Mid/ArtifactOntology" uri="ArtifactOntology.ttl"/>
    <uri id="User Entered Import Resolution" name="http://www.ontologyrepository.com/CommonCoreOntologies/Mid/EventOntology" uri="EventOntology.ttl"/>
    <uri id="User Entered Import Resolution" name="http://www.ontologyrepository.com/CommonCoreOntologies/Mid/ExtendedRelationOntology" uri="ExtendedRelationOntology.ttl"/>
    <uri id="User Entered Import Resolution" name="http://www.ontologyrepository.com/CommonCoreOntologies/Mid/FacilityOntology" uri="FacilityOntology.ttl"/>
    <uri id="User Entered Import Resolution" name="http://www.ontologyrepository.com/CommonCoreOntologies/Mid/GeospatialOntology" uri="GeospatialOntology.ttl"/>
    <uri id="User Entered Import Resolution" name="http://www.ontologyrepository.com/CommonCoreOntologies/Mid/InformationEntityOntology" uri="InformationEntityOntology.ttl"/>
    <uri id="User Entered Import Resolution" name="http://www.ontologyrepository.com/CommonCoreOntologies/Mid/QualityOntology" uri="QualityOntology.ttl"/>
    <uri id="User Entered Import Resolution" name="http://www.ontologyrepository.com/CommonCoreOntologies/Mid/TimeOntology" uri="TimeOntology.ttl"/>
    <uri id="User Entered Import Resolution" name="http://www.ontologyrepository.com/CommonCoreOntologies/Mid/UnitsOfMeasureOntology" uri="UnitsOfMeasureOntology.ttl"/>
    <uri id="User Entered Import Resolution" name="http://www.ontologyrepository.com/CommonCoreOntologies/Mid/CurrencyUnitOntology" uri="CurrencyUnitOntology.ttl"/>
</catalog>
